<?xml version="1.0" encoding="UTF-8"?>
<skin version="0.2">
    <title xml:lang="ko">기본스킨</title>
	<title xml:lang="en">Default skin</title>
	<title xml:lang="jp">基本スキン</title>
	<title xml:lang="zh-TW">Default skin</title>		
    <description xml:lang="ko">기본스킨입니다</description>
    <version>0.2</version>
    <date>2014-08-06</date>
    <link>http://www.nurigo.net</link>

    <author email_address="contact@nurigo.net" link="www.nurigo.net">
        <name xml:lang="ko">NURIGO</name>
    </author>

    <colorset>
        <color name="white">
			<title xml:lang="ko">하얀색(기본)</title>
			<title xml:lang="en">WHITE(Default)</title>
			<title xml:lang="jp">白色(基本)</title>
			<title xml:lang="zh-TW">WHITE(Default)</title>
        </color>
    </colorset>
</skin>
