<query id="insertItemExtra" action="insert">
	<tables>
		<table name="nproduct_item_extras" />
	</tables>
	<columns>
		<column name="extra_srl" var="extra_srl" default="sequence()" notnull="notnull" />
		<column name="module_srl" var="module_srl" notnull="notnull" />
		<column name="column_type" var="column_type" notnull="notnull" />
		<column name="column_name" var="column_name" notnull="notnull" />
		<column name="column_title" var="column_title" notnull="notnull" />
		<column name="required" var="required" default="N" />
		<column name="default_value" var="default_value" />
		<column name="is_active" var="is_active" default="N" />
		<column name="description" var="description" />
		<column name="regdate" default="curdate()" />
		<column name="list_order" var="list_order" default="1" />
	</columns>
</query>
