<query id="getReviewList" action="select">
    <tables>
        <table name="store_review" />
    </tables>
    <columns>
        <column name="review_srl" />
        <column name="parent_srl" />
        <column name="regdate" />
    </columns>
    <conditions>
        <condition operation="equal" column="review_srl" var="review_srl" filter="number" notnull="notnull" />
    </conditions>
    <navigation>
        <index var="list_order" default="list_order" order="asc" />
    </navigation>
</query>
