<query id="getMileageList" action="select">
	<tables>
		<table name="nmileage" alias="mileage" />
		<table name="member" alias="member" type="left join">
			<conditions>
				<condition operation="equal" column="mileage.member_srl" default="member.member_srl" />
			</conditions>
		</table>
	</tables>
	<columns>
		<column name="mileage.regdate" alias="regdate" />
		<column name="mileage.mileage" alias="mileage" />

		<column name="member.user_id" alias="user_id" />
		<column name="member.nick_name" alias="nick_name" />
		<column name="member.member_srl" alias="member_srl" />

	</columns>
	<conditions>
		<condition operation="equal" column="mileage.member_srl" var="member_srl" />
		<condition operation="equal" column="member.user_id" var="user_id" pipe="and" />
		<condition operation="equal" column="member.nick_name" var="nick_name" pipe="and" />
		<condition operation="equal" column="member.email_address" var="email_address" pipe="and" />
	</conditions>
	<navigation>
		<index var="sort_index" default="mileage.member_srl" order="desc" />
		<list_count var="list_count" default="20" />
		<page_count var="page_count" default="10" />
		<page var="page" default="1" />
	</navigation>
</query>
