<filter name="insert_category" module="nproduct" act="procNproductInsertCategory" confirm_msg_code="confirm_submit">
    <form>
        <node target="module_srl" required="true" filter="number" />
        <node target="category_name" required="true" maxlength="40" />
    </form>
    <parameter>
        <param name="module_srl" target="module_srl" />
        <param name="category_name" target="category_name" />
    </parameter>
    <response callback_func="completeInsertCategory">
        <tag name="error" />
        <tag name="message" />
        <tag name="node_id" />
        <tag name="parent_node" />
    </response>
</filter>
