<filter name="insert_comment" module="nproduct" act="procNproductInsertComment">
  <form>
    <node target="document_srl" required="true" />
    <node target="nick_name" required="true" maxlength="20"/>
    <node target="password" required="true" />
    <node target="email_address" maxlength="250" />
    <node target="homepage" maxlength="250"/>
    <node target="content" required="true" minlength="1" />
  </form>
  <parameter>
    <param name="mid" target="mid" />
    <param name="document_srl" target="document_srl" />
    <param name="comment_srl" target="comment_srl" />
    <param name="parent_srl" target="parent_srl" />
    <param name="nick_name" target="nick_name" />
    <param name="password" target="password" />
    <param name="email_address" target="email_address" />
    <param name="homepage" target="homepage" />
    <param name="content" target="content" />
    <param name="is_secret" target="is_secret" />
    <param name="notify_message" target="notify_message" />
  </parameter>
  <response>
    <tag name="error" />
    <tag name="message" />
    <tag name="mid" />
    <tag name="document_srl" />
    <tag name="comment_srl" />
  </response>
</filter>
