<table name="ncart_orderform_fieldsets">
	<column name="fieldset_srl" type="number" size="11" notnull="notnull" primary_key="primary_key" />
	<column name="module_srl" type="number" size="11" notnull="notnull" index="idx_module_srl" />
	<column name="fieldset_name" type="varchar" size="60" notnull="notnull" />
	<column name="fieldset_title" type="varchar" size="160" notnull="notnull" />
	<column name="proc_modules" type="varchar" size="250" notnull="notnull" />
	<column name="is_active" type="char" size="1" default="Y" />
	<column name="description" type="text" />
	<column name="list_order" type="number" size="11" notnull="notnull" default="1" index="idx_list_order" />
	<column name="regdate" type="date" />
</table>
