<query id="getOrderedItemsByOrderSrl" action="select">
	<tables>
		<table name="nstore_digital_cart" alias="cart" />
		<table name="nstore_digital_items" alias="item" type="left join">
			<conditions>
				<condition operation="equal" column="item.item_srl" default="cart.item_srl" />
			</conditions>
		</table>
	</tables>
	<columns>
		<column name="cart.cart_srl" alias="cart_srl" />
		<column name="cart.module_srl" alias="module_srl" />
		<column name="cart.member_srl" alias="member_srl" />
		<column name="cart.quantity" alias="quantity" />
		<column name="cart.price" alias="price" />
		<column name="cart.regdate" alias="regdate" />
		<column name="item.item_srl" alias="item_srl" />
		<column name="item.item_code" alias="item_code" />
		<column name="item.item_name" alias="item_name" />
		<column name="item.category_id" alias="category_id" />
		<column name="item.file_srl" alias="file_srl" />
	</columns>
	<conditions>
		<condition operation="equal" column="cart.order_srl" var="order_srl" notnull="notnull" />
	</conditions>
	<navigation>
		<index var="sort_index" default="regdate" order="asc" />
	</navigation>
</query>
