<query id="getPeriod" action="select">
	<tables>
		<table name="nstore_digital_period" />
	</tables>
	<columns>
		<column name="*" />
	</columns>
	<conditions>
		<condition operation="equal" column="period_srl" var="period_srl" />
		<condition operation="equal" column="cart_srl" var="cart_srl" pipe="and"/>
		<condition operation="equal" column="order_srl" var="order_srl" pipe="and" />
		<condition operation="equal" column="order_status" var="order_status" pipe="and" />
		<condition operation="equal" column="member_srl" var="member_srl" pipe="and" />
		<condition operation="equal" column="item_srl" var="item_srl" pipe="and" />
	</conditions>
</query>
