<query id="getPurchasedItemsByStatus" action="select">
	<tables>
		<table name="nstore_digital_cart" alias="cart" />
		<table name="nproduct_items" alias="items" type="left join">
			<conditions>
				<condition operation="equal" column="items.item_srl" default="cart.item_srl" />
			</conditions>
		</table>
		<table name="member" alias="member" type="left join">
			<conditions>
				<condition operation="equal" column="member.member_srl" default="cart.member_srl" />
			</conditions>
		</table>
	</tables>
	<columns>
		<column name="items.item_srl" alias="item_srl" />
		<column name="items.item_code" alias="item_code" />
		<column name="items.item_name" alias="item_name" />
		<column name="items.module_srl" alias="module_srl" />
		<column name="items.category_id" alias="category_id" />
		<column name="items.node_route" alias="node_route" />
		<column name="items.document_srl" alias="document_srl" />
		<column name="items.file_srl" alias="file_srl" />
		<column name="items.thumb_file_srl" alias="thumb_file_srl" />
		<column name="cart.order_srl" alias="order_srl" />
		<column name="cart.cart_srl" alias="cart_srl" />
		<column name="cart.order_status" alias="order_status" />
		<column name="cart.quantity" alias="quantity" />
		<column name="cart.price" alias="price" />
		<column name="cart.taxfree" alias="taxfree" />
		<column name="cart.invoice_no" alias="invoice_no" />
		<column name="cart.express_id" alias="express_id" />
		<column name="cart.discount_amount" alias="discount_amount" />
		<column name="cart.discount_info" alias="discount_info" />
		<column name="cart.discounted_price" alias="discounted_price" />
		<column name="cart.purdate" alias="purdate" />
		<column name="cart.site_url" alias="site_url" />
		<column name="cart.period" alias="period" />
		<column name="member.member_srl" alias="member_srl" />
		<column name="member.user_id" alias="user_id" />
		<column name="member.nick_name" alias="nick_name" />
		<column name="member.user_name" alias="user_name" />
	</columns>
	<conditions>
		<condition operation="equal" column="cart.order_status" var="order_status" />
		<group pipe="and">
			<condition operation="equal" column="member.email_address" var="email_address" pipe="or" />
			<condition operation="equal" column="member.nick_name" var="nick_name" pipe="or" />
		</group>
	</conditions>
	<navigation>
		<index var="sort_index" default="purdate" order="desc" />
		<list_count var="list_count" default="15" />
		<page_count var="page_count" default="10" />
		<page var="page" default="1" />
	</navigation>
</query>
