<query id="getPurchaseCount" action="select">
	<tables>
		<table name="nstore_digital_cart" />
	</tables>
	<columns>
		<column name="COUNT(*)" alias="count" />
	</columns>
	<conditions>
		<condition operation="equal" column="member_srl" var="member_srl" notnull="notnull" />
		<condition operation="equal" column="item_srl" var="item_srl" pipe="and" />
		<condition operation="more" column="order_status" var="more_status" pipe="and" />
		<condition operation="less" column="order_status" var="less_status" pipe="and" />
	</conditions>
</query>
