<query id="insertOrder" action="insert">
	<tables>
		<table name="nstore_digital_order" />
	</tables>
	<columns>
		<column name="order_srl" var="order_srl" filter="number" notnull="notnull" />
		<column name="module_srl" var="module_srl" notnull="notnull" />

		<column name="member_srl" var="member_srl" />
		<column name="email_address" var="email_address" notnull="notnull" />
		<column name="user_id" var="user_id" notnull="notnull" />
		<column name="nick_name" var="nick_name" notnull="notnull" />

		<column name="cartnos" var="cartnos" />
		<column name="payment_method" var="payment_method" notnull="notnull" />
		<column name="mileage" var="mileage" />
		<column name="use_mileage" var="use_mileage" />
		<column name="title" var="title" />
		<column name="item_count" var="item_count" notnull="notnull" />
		<column name="total_price" var="total_price" notnull="notnull" />
		<column name="sum_price" var="sum_price" notnull="notnull" />
		<column name="total_discounted_price" var="total_discounted_price" notnull="notnull" />
		<column name="total_discount_amount" var="total_discount_amount" notnull="notnull" />
		<column name="taxation_amount" var="taxation_amount" notnull="notnull" />
		<column name="supply_amount" var="supply_amount" notnull="notnull" />
		<column name="vat" var="vat" notnull="notnull" />
		<column name="taxfree_amount" var="taxfree_amount" notnull="notnull" />
		<column name="group_srl_list" var="group_srl_list" />

		<column name="regdate" var="regdate" default="curdate()" />
	</columns>
</query>
