<?xml version="1.0" encoding="UTF-8"?>
<skin version="0.2">
	<title xml:lang="ko">Default skin</title>
	<description xml:lang="ko">Default skin</description>
	<version>1.0</version>
	<date>2014-06-03</date>
	<link>http://www.xeshoppingmall.com</link>

	<author email_address="contact@nurigo.net" link="http://www.nurigo.net">
		<name xml:lang="ko">NURIGO</name>
	</author>

	<colorset>
		<color name="white">
			<title xml:lang="ko">하얀색(기본)</title>
		</color>
		<color name="black">
			<title xml:lang="ko">검정색</title>
		</color>
	</colorset>

	<extra_vars>
	</extra_vars>
</skin>
