<filter name="delete_category" module="nstore" act="procNstoreDeleteCategory" confirm_msg_code="confirm_delete">
    <form>
        <node target="category_name" required="true" maxlength="40" />
    </form>
    <parameter>
        <param name="category_name" target="category_name" />
    </parameter>
    <response callback_func="completeDeleteCategory">
        <tag name="error" />
        <tag name="message" />
        <tag name="node_id" />
        <tag name="parent_node" />
    </response>
</filter>
