<?xml version="1.0" encoding="UTF-8"?>
<skin version="0.2">
	<title xml:lang="ko">기본스킨</title>
	<title xml:lang="en">Default skin</title>
	<title xml:lang="jp">基本スキン</title>
	<title xml:lang="zh-TW">預設面版</title>		
	<description xml:lang="ko">기본스킨입니다</description>
	<description xml:lang="zh-TW">預設面版</description>
	<version>0.1</version>
	<date>2014-03-28</date>
	<link>http://www.xeshoppingmall.com</link>

	<author email_address="contact@nurigo.net" link="www.nurigo.net">
		<name xml:lang="ko">NURIGO</name>
		<name xml:lang="zh-TW">NURIGO</name>
	</author>

	<colorset>
		<color name="white">
			<title xml:lang="ko">하얀색(기본)</title>
			<title xml:lang="en">WHITE(Default)</title>
			<title xml:lang="jp">白色(基本)</title>
			<title xml:lang="zh-TW">白色（預設）</title>
		</color>
	</colorset>

	<extra_vars>
		<var name="button_text" type="text">
			<title xml:lang="ko">버튼 텍스트</title>
			<title xml:lang="zh-TW">按鈕上的文字</title>
			<description xml:lang="ko">
				미설정시 "구매하기" 로 출력됩니다.
			</description>
			<description xml:lang="zh-TW">當沒有設定時,請輸入“購買”。</description>
		</var>
	</extra_vars>
</skin>
