<?xml version="1.0" encoding="UTF-8"?>
<module version="0.2">
    <title xml:lang="ko">통화 설정</title>
    <title xml:lang="en">Currency</title>
    <description xml:lang="ko">쇼핑몰, 콘텐츠몰의 통화를 설정 할 수 있습니다. </description>
    <description xml:lang="en">This module is for setting currency</description>
    <version>1.0</version>
    <date>2014-06-23</date>
    <category>service</category>
    <author email_address="contact@nurigo.net" link="http://www.xeshoppingmall.com/">
        <name xml:lang="ko">누리고</name>
        <name xml:lang="en">NURIGO</name>
	</author>
</module>
