<?xml version="1.0" encoding="UTF-8"?>
<skin version="0.2">
    <title xml:lang="ko">스토어 통합 검색</title>
    <title xml:lang="vi">Skin trang tìm kiếm</title>
    <title xml:lang="zh-CN">搜索默认皮肤</title>
    <title xml:lang="jp">統合検索のデフォルトスキン</title>
    <title xml:lang="en">The Default Skin of the Integrated Search Module</title>
    <title xml:lang="zh-TW">預設綜合搜尋面板</title>
    <title xml:lang="tr">Birleşik Arama Varsayılan Dış Görünümü</title>
    <description xml:lang="vi">Skin mặc định của trang tìm kiếm.</description>
    <description xml:lang="ko">통합검색 모듈의 기본 스킨</description>
    <description xml:lang="zh-CN">搜索模块的默认皮肤。</description>
    <description xml:lang="jp">統合検索モジュールのデフォルトスキンです。</description>
    <description xml:lang="en">The Default Skin of the Integrated Search Module</description>
    <description xml:lang="zh-TW">預設綜合搜尋面板。</description>
    <description xml:lang="tr">Birleşik aramanın varsayılan dış görünümü</description>
    <version>0.1</version>
    <date>2007-07-24</date>

    <author email_address="developers@xpressengine.com" link="http://xpressengine.com/">
        <name xml:lang="ko">NHN</name>
        <name xml:lang="vi">NHN</name>
        <name xml:lang="zh-CN">NHN</name>
        <name xml:lang="jp">NHN</name>
        <name xml:lang="en">NHN</name>
        <name xml:lang="zh-TW">NHN</name>
        <name xml:lang="tr">NHN</name>
    </author>

    <colorset>
        <color name="normal" src="screenshot/normal.gif">
            <title xml:lang="ko">기본</title>
            <title xml:lang="zh-CN">默认</title>
            <title xml:lang="jp">デフォルト</title>
            <title xml:lang="en">Default</title>
            <title xml:lang="vi">Mặc định</title>
            <title xml:lang="zh-TW">預設</title>
            <title xml:lang="tr">Varsayılan</title>
        </color>
    </colorset>

    <extra_vars>
        <var name="memo" type="textarea">
            <title xml:lang="ko">설명</title>
            <title xml:lang="zh-CN">说明</title>
            <title xml:lang="jp">説明</title>
            <title xml:lang="en">Description</title>
            <title xml:lang="vi">Mô tả</title>
            <title xml:lang="zh-TW">說明</title>
            <title xml:lang="tr">Açıklama</title>
            <description xml:lang="ko">검색결과 상단에 결과가 출력됩니다.</description>
            <description xml:lang="zh-CN">显示在搜索结果上端。</description>
            <description xml:lang="jp">検索結果が上段に表示されます。</description>
            <description xml:lang="en">Result will be displayed on top of search result.</description>
            <description xml:lang="vi">Mô tả sẽ hiển thị trên đầu trang kết quả tìm kiếm.</description>
            <description xml:lang="zh-TW">在最頂端顯示搜尋結果。</description>
            <description xml:lang="tr">Sonuç, arama sonuçlarının en üstünde gösterilecektir</description>
        </var>
    </extra_vars>
</skin>
