<query id="getModuleInfoByConfigSrl" action="select">
	<tables>
		<table name="paynoty_modules" alias="paynoty" />
        <table name="modules" alias="modules" />
	</tables>
	<columns>
		<column name="paynoty.*" />
		<column name="modules.*" />
	</columns>
	<conditions>
		<condition operation="equal" column="paynoty.config_srl" var="config_srl" pipe="and" />
		<condition operation="in" column="paynoty.config_srl" var="config_srls" pipe="and" />
		<condition operation="equal" column="paynoty.module_srl" default="modules.module_srl" pipe="and" />
	</conditions>
</query>
