<table name="automail_config">
	<column name="config_srl" type="number" size="11" notnull="notnull" primary_key="primary_key" />
	<column name="target_module" type="varchar" size="80" notnull="notnull" index="idx_target_module" />
	<column name="config_key" type="varchar" size="80" notnull="notnull" index="idx_config_key" />
	<column name="sender_name" type="varchar" size="80" />
	<column name="sender_email" type="varchar" size="250" />
	<column name="mail_title" type="varchar" size="250" notnull="notnull" />
	<column name="mail_content" type="bigtext" notnull="notnull" />
	<column name="regdate" type="date" notnull="notnull" index="idx_regdate" />
</table>
