<query id="getTransactionByMemberSrl" action="select">
	<tables>
		<table name="epay_transactions" />
	</tables>
	<columns>
		<column name="*" />
	</columns>
	<conditions>
		<condition operation="equal" column="p_member_srl" var="member_srl" notnull="notnull" />
		<condition operation="more" column="regdate" var="regdate_more" pipe="and" />
	</conditions>
	<navigation>
		<index var="sort_index" default="regdate" order="desc" />
		<list_count var="list_count" default="10" />
		<page_count var="page_count" default="10" />
		<page var="page" default="1" />
	</navigation>
</query>
