<?xml version="1.0" encoding="UTF-8"?>
<skin version="0.2">
	<title xml:lang="ko">영어야놀자 전용스킨</title>
	<description xml:lang="ko">영어야놀자 전용스킨입니다</description>
	<version>1.1</version>
	<date>2015-04-18</date>
	<link>http://www.nurigo.net</link>

	<author email_address="contact@nurigo.net" link="http://www.nurigo.net">
		<name xml:lang="ko">NURIGO</name>
	</author>

	<colorset>
		<color name="white">
			<title xml:lang="ko">하얀색(기본)</title>
		</color>
		<color name="black">
			<title xml:lang="ko">검정색</title>
		</color>
	</colorset>

	<extra_vars>
		<group>
			<title xml:lang="ko">카트목록</title>
			<var name="thumbnail_width" type="text">
				<title xml:lang="ko">썸네일 가로크기</title>
				<description xml:lang="ko">
					썸네일 가로크기 설정 (px 제외 입력, 기본 80)
				</description>
			</var>
			<var name="thumbnail_height" type="text">
				<title xml:lang="ko">썸네일 세로크기</title>
				<description xml:lang="ko">
					썸네일 세로크기 설정 (px 제외 입력, 기본 80)
				</description>
			</var>
			<var name="thumbnail_type" type="select">
				<title xml:lang="ko">썸네일 생성 방법</title>
				<description xml:lang="ko">썸네일 생성 방법을 선택할 수 있습니다.</description>
				<options value="crop">
					<title xml:lang="ko">꽉 채우기</title>
				</options>
				<options value="ratio">
					<title xml:lang="ko">비율 맞추기</title>
				</options>
			</var>
		</group>
		<group>
			<title xml:lang="ko">주문완료 페이지</title>
			<var name="complete_thumbnail_width" type="text">
				<title xml:lang="ko">썸네일 가로크기</title>
				<description xml:lang="ko">
					썸네일 가로크기 설정 (px 제외 입력, 기본 80)
				</description>
			</var>
			<var name="complete_thumbnail_height" type="text">
				<title xml:lang="ko">썸네일 세로크기</title>
				<description xml:lang="ko">
					썸네일 세로크기 설정 (px 제외 입력, 기본 80)
				</description>
			</var>
			<var name="complete_thumbnail_type" type="select">
				<title xml:lang="ko">썸네일 생성 방법</title>
				<description xml:lang="ko">썸네일 생성 방법을 선택할 수 있습니다.</description>
				<options value="crop">
					<title xml:lang="ko">꽉 채우기</title>
				</options>
				<options value="ratio">
					<title xml:lang="ko">비율 맞추기</title>
				</options>
			</var>
		</group>
		<group>
			<title xml:lang="ko">기타</title>
			<var name="store_top" type="textarea">
				<title xml:lang="ko">스토어 상단</title>
				<description xml:lang="ko">
					스토어 상단 부분에 출력되는 부분입니다.
				</description>
			</var>
			<var name="store_bottom" type="textarea">
				<title xml:lang="ko">스토어 하단</title>
				<description xml:lang="ko">
					스토어 하단 부분에 출력되는 부분입니다.
				</description>
			</var>
			<var name="continuous_url" type="text">
					<title xml:lang="ko">쇼핑계속하기 주소(URL)</title>
					<description xml:lang="ko">
							구매완료 페이지에서 쇼핑계속하기 버튼 클릭시 이동할 주소(URL)를 입력하세요. 비워두시면 버튼이 출력되지 않습니다.
					</description>
			</var>
			<var name="continuous_text" type="text">
					<title xml:lang="ko">쇼핑계속하기 텍스트</title>
					<description xml:lang="ko">
							구매완료 페이지에서 쇼핑계속하기 버튼에 출력될 텍스트를 입력하세요. 기본은 "쇼핑계속하기"입니다.
					</description>
			</var>
		</group>
	</extra_vars>
</skin>
