<?xml version="1.0" encoding="UTF-8"?>
<menu>
	<item>
		<title xml:lang="ko">사이트관리</title>
		<title xml:lang="en">Site Management</title>
		<title xml:lang="jp">サイト管理</title>
		<title xml:lang="zh-TW">Site Management</title>		
		<icon>dashboard</icon>
		<action>dispCympusadminIndex</action>
		<description xml:lang="ko">공통메뉴</description>
		<description xml:lang="en">Common menu</description>		
		<description xml:lang="jp">共同メニュー</description>
		<description xml:lang="zh-TW">Common menu</description>		
		<item>
			<title xml:lang="ko">전체현황</title>
			<title xml:lang="en">Site Status</title>
			<title xml:lang="jp">サイト現状</title>
			<title xml:lang="zh-TW">Site Status</title>
			<action>dispCympusadminIndex</action>
		</item>
		<item>
			<title xml:lang="ko">상품관리</title>
			<title xml:lang="en">Product Management</title>
			<title xml:lang="jp">商品管理</title>
			<title xml:lang="zh-TW">Product Management</title>
			<action>dispNproductAdminModInstList</action>
			<action_prefix>dispNproductAdmin</action_prefix>
		</item>
		<item>
			<title xml:lang="ko">결제관리</title>
			<title xml:lang="en">Payment</title>
			<title xml:lang="jp">決済管理</title>
			<title xml:lang="zh-TW">Payment Management</title>			
			<action>dispEpayAdminTransactions</action>
			<action_prefix>dispEpayAdmin</action_prefix>
			<description xml:lang="ko">결제모듈관리.</description>
		</item>
		<item>
			<title xml:lang="ko">마일리지</title>
			<title xml:lang="en">Mileage</title>
			<title xml:lang="jp">マイレージ</title>
			<title xml:lang="zh-TW">Mileage</title>		
			<action>dispNmileageAdminAllMileageHistory</action>
			<action_prefix>dispNmileageAdmin</action_prefix>
			<description xml:lang="ko">마일리지 관리</description>
		</item>
		<item>
			<title xml:lang="ko">카트설정</title>
			<title xml:lang="en">Cart Setup</title>
			<title xml:lang="jp">カート設定</title>
			<title xml:lang="zh-TW">Cart Setup</title>
			<action>dispNcartAdminModInstList</action>
			<action_prefix>dispNcartAdmin</action_prefix>
			<description xml:lang="ko">카트설정</description>
		</item>
		<item>
			<title xml:lang="ko">통화설정</title>
			<title xml:lang="en">Currency Setup</title>
			<title xml:lang="jp">Currency Setup</title>
			<title xml:lang="zh-TW">Currency Setup</title>
			<action>dispCurrencyAdminContent</action>
			<action_prefix>dispCurrencyAdmin</action_prefix>
			<description xml:lang="ko">통화 설정</description>
		</item>
		<item cond="getClass('ftpclient')">
			<title xml:lang="ko">FTP설정</title>
			<title xml:lang="en">FTP Setup</title>
			<title xml:lang="jp">FTP設定</title>
			<title xml:lang="zh-TW">FTP Setup</title>			
			<action>dispFtpclientAdminModInstList</action>
			<description xml:lang="ko">FTP설정</description>
		</item>
		<item cond="getClass('license')">
			<title xml:lang="ko">라이선스</title>
			<title xml:lang="en">License</title>
			<title xml:lang="jp">ライセンス</title>
			<title xml:lang="zh-TW">License</title>			
			<action>dispLicenseAdminConfig</action>
			<description xml:lang="ko">라이선스 관리</description>
		</item>
		<item cond="getClass('professor')">
			<title xml:lang="ko">교수관리</title>
			<title xml:lang="en">Professor</title>
			<title xml:lang="jp">Professor</title>
			<title xml:lang="zh-TW">License</title>			
			<action>dispProfessorAdminIndex</action>
			<action_prefix>dispProfessorAdmin</action_prefix>
			<description xml:lang="ko">교수 관리</description>
		</item>
	</item>
	<item cond="getClass('elearning')">
		<title xml:lang="ko">강좌수강관리</title>
		<title xml:lang="en">Course Management</title>
		<title xml:lang="jp">コース管理</title>
		<title xml:lang="zh-TW">Course Management</title>		
		<icon>lecture</icon>
		<action>dispElearningAdminModInstList</action>
		<item>
			<title xml:lang="ko">콘텐츠관리</title>
			<title xml:lang="en">Contents Management</title>
			<title xml:lang="jp">콘텐츠관리</title>
			<title xml:lang="zh-TW">Contents Management</title>			
			<action>dispElearning_contentsAdminItemList</action>
			<action_prefix>dispElearning_contentsAdmin</action_prefix>
			<description xml:lang="ko">콘텐츠관리</description>
		</item>
		<item>
			<title xml:lang="ko">수강관리</title>
			<title xml:lang="en">Order Management</title>
			<title xml:lang="jp">注文管理</title>
			<title xml:lang="zh-TW">Order Management</title>			
			<action>dispElearningAdminOrderManagement</action>
			<action_prefix>dispElearningAdmin</action_prefix>
			<description xml:lang="ko">각 단계별로 처리 : 입금대기 > 입금완료 > 구매완료 > 취소,반품 > 교환 > 환불</description>
		</item>
		<item>
			<title xml:lang="ko">재생현황</title>
			<title xml:lang="en">Play Status</title>
			<title xml:lang="jp">再生現況</title>
			<title xml:lang="zh-TW">Play Status</title>			
			<icon>media</icon>
			<action>dispScmsAdminConnecting</action>
			<action_prefix>dispScmsAdmin</action_prefix>
			<description xml:lang="ko">재생현황을 보여줍니다.</description>
		</item>
	</item>
	<item cond="getClass('nstore')">
		<title xml:lang="ko">쇼핑몰</title>
		<title xml:lang="en">Shopping-mall</title>
		<title xml:lang="jp">ショッピングモール</title>
		<title xml:lang="zh-TW">Shopping-mall</title>		
		<icon>cart</icon>
		<action>dispNproductAdminModInstList</action>
		<description xml:lang="ko">쇼핑몰을 관리합니다.</description>
		<item>
			<title xml:lang="ko">주문관리</title>
			<title xml:lang="en">Order Management</title>
			<title xml:lang="jp">注文管理</title>
			<title xml:lang="zh-TW">Order Management</title>			
			<action>dispNstoreAdminOrderManagement</action>
			<action_prefix>dispNstoreAdmin</action_prefix>
			<description xml:lang="ko">주문을 관리합니다.</description>
		</item>
	</item>
	<item cond="getClass('nstore_digital') || getClass('nstore_digital_contents')">
		<title xml:lang="ko">콘텐츠몰</title>
		<title xml:lang="en">Contents-mall</title>
		<title xml:lang="jp">コンテンツモール</title>
		<title xml:lang="zh-TW">Contents-mall</title>		
		<icon>product</icon>
		<action>dispNstore_digitalAdminOrderManagement</action>
		<description xml:lang="ko">콘텐츠몰을 관리합니다.</description>
		<item cond="getClass('nstore_digital_contents')">
			<title xml:lang="ko">콘텐츠관리</title>
			<title xml:lang="en">Contents Management</title>
			<title xml:lang="jp">コンテンツ管理</title>
			<title xml:lang="zh-TW">Contents Management</title>			
			<action>dispNstore_digital_contentsAdminItemList</action>
			<action_prefix>dispNstore_digital_contentsAdmin</action_prefix>
			<description xml:lang="ko">콘텐츠몰 상품의 콘텐츠를 업로드 합니다.</description>
		</item>
		<item cond="getClass('nstore_digital')">
			<title xml:lang="ko">판매관리</title>
			<title xml:lang="en">Sales Management</title>
			<title xml:lang="jp">販売管理</title>
			<title xml:lang="zh-TW">Sales Management</title>			
			<action>dispNstore_digitalAdminOrderManagement</action>
			<action_prefix>dispNstore_digitalAdmin</action_prefix>
			<description xml:lang="ko">콘텐츠몰 판매를 관리합니다.</description>
			<description xml:lang="en">콘텐츠몰 판매를 관리합니다.</description>			
		</item>
	</item>
</menu>
