<?xml version="1.0" encoding="UTF-8"?>
<skin version="0.2">
	<title xml:lang="ko">기본스킨</title>
	<description xml:lang="ko">기본스킨입니다</description>
	<version>0.9</version>
	<date>2014-02-13</date>
	<link>http://www.xeshoppingmall.com</link>

	<author email_address="contact@nurigo.net" link="http://www.xeshoppingmall.com">
		<name xml:lang="ko">NURIGO</name>
	</author>

	<colorset>
		<color name="white">
			<title xml:lang="ko">하얀색(기본)</title>
		</color>
	</colorset>

	<extra_vars>
		<var name="thumbnail_width" type="text">
			<title xml:lang="ko">썸네일 가로크기</title>
			<description xml:lang="ko">
				썸네일 가로크기 설정합니다. 단위를 제외한 숫자만 입력하세요 (기본 80)
			</description>
		</var>
		<var name="thumbnail_height" type="text">
			<title xml:lang="ko">썸네일 세로크기</title>
			<description xml:lang="ko">
				썸네일 세로크기 설정합니다. 단위를 제외한 숫자만 입력하세요 (기본 80)
			</description>
		</var>
		<var name="thumbnail_type" type="select">
			<title xml:lang="ko">썸네일 생성 방법</title>
			<description xml:lang="ko">썸네일 생성 방법을 선택할 수 있습니다.</description>
			<options value="crop">
					<title xml:lang="ko">꽉 채우기</title>
			</options>
			<options value="ratio">
					<title xml:lang="ko">비율 맞추기</title>
			</options>
		</var>
	</extra_vars>
</skin>
