<table name="nproduct_display_categories">
	<column name="category_srl" type="number" size="11" notnull="notnull" primary_key="primary_key" />
	<column name="module_srl" type="number" size="11" default="0" notnull="notnull" index="idx_module_srl" />
	<column name="category_name" type="varchar" size="160" notnull="notnull" />
	<column name="list_order" type="number" size="11" notnull="notnull" index="idx_list_order" />
	<column name="thumbnail_width" type="number" size="11" default="150" notnull="notnull" />
	<column name="thumbnail_height" type="number" size="11" default="150" notnull="notnull" />
	<column name="num_columns" type="number" size="11" default="5" notnull="notnull" />
	<column name="num_rows" type="number" size="11" default="2" notnull="notnull" />
	<column name="regdate" type="date" notnull="notnull" />
</table>
