<?xml version="1.0" encoding="UTF-8"?>
<skin version="0.2">
	<title xml:lang="ko">모바일 기본스킨</title>
	<description xml:lang="ko">모바일 기본스킨입니다</description>
	<version>0.9</version>
	<date>2014-02-13</date>
	<link>http://www.xeshoppingmall.com</link>

	<author email_address="sunny@nurigo.net" link="http://www.xeshoppingmall.com">
		<name xml:lang="ko">sunny</name>
	</author>

	<colorset>
		<color name="white">
			<title xml:lang="ko">하얀색(기본)</title>
		</color>
	</colorset>

	<extra_vars>
	</extra_vars>
</skin>
