<table name="nstore_order">
	<column name="order_srl" type="number" size="11" notnull="notnull" primary_key="primary_key" />
	<column name="member_srl" type="number" size="11" notnull="notnull" index="idx_member_srl" />
	<column name="module_srl" type="number" size="11" default="0" notnull="notnull" index="idx_module_srl" />
	<column name="cartnos" type="varchar" size="1024" notnull="notnull" />
	<!-- 0: 카트보관, 1: 입금대기, 2: 입금완료, 3:배송준비, 4: 배송중, 5: 배송완료, 6: 거래완료, A: 최소, B: 반품,교환, C: 환불 -->
	<column name="order_status" type="char" size="1" default="0" notnull="notnull" index="idx_order_status" />
	<column name="purchaser_name" type="varchar" size="80" notnull="notnull" />
	<column name="purchaser_cellphone" type="varchar" size="80" notnull="notnull" />
	<column name="purchaser_telnum" type="varchar" size="80" notnull="notnull" />
	<column name="purchaser_postcode" type="varchar" size="10" notnull="notnull" />
	<column name="purchaser_address" type="varchar" size="250" notnull="notnull" />
	<column name="purchaser_email" type="varchar" size="250" notnull="notnull" />
	
	<column name="non_password" type="varchar" size="250" />

	<column name="recipient_name" type="varchar" size="80" notnull="notnull" />
	<column name="recipient_cellphone" type="varchar" size="80" notnull="notnull" />
	<column name="recipient_telnum" type="varchar" size="80" notnull="notnull" />
	<column name="recipient_postcode" type="varchar" size="10" notnull="notnull" />
	<column name="recipient_address" type="varchar" size="250" notnull="notnull" />
	<column name="payment_method" type="varchar" size="2" notnull="notnull" />
	<!-- 지급 마일리지 -->
	<column name="mileage" type="number" size="11" default="0" notnull="notnull" />
	<!-- 마일리지 지급여부 -->
	<column name="mileage_save" type="char" size="1" default="N" notnull="notnull" />
	<!-- 사용 마일리지 -->
	<column name="use_mileage" type="number" size="11" default="0" notnull="notnull" />
	<column name="title" type="varchar" size="250" notnull="notnull" />
	<column name="item_count" type="number" size="11" default="0" notnull="notnull" />
	<column name="total_price" type="number" size="11" default="0" notnull="notnull" />
	<column name="sum_price" type="number" size="11" default="0" notnull="notnull" />
	<column name="delivery_fee" type="number" size="11" default="0" notnull="notnull" />
	<column name="total_discounted_price" type="number" size="11" default="0" notnull="notnull" />
	<column name="total_discount_amount" type="number" size="11" default="0" notnull="notnull" />
	<column name="taxation_amount" type="number" size="11" default="0" notnull="notnull" />
	<column name="supply_amount" type="number" size="11" default="0" notnull="notnull" />
	<column name="vat" type="number" size="11" default="0" notnull="notnull" />
	<column name="taxfree_amount" type="number" size="11" default="0" notnull="notnull" />
	<column name="invoice_no" type="varchar" size="64" />
	<!-- 00: 직배송, 10:대한통운특배, 11:CJ GLS, 12:로젠택배, 13:한진택배, 14:현대택배 -->
	<column name="express_id" type="char" size="2" />
	<!-- Y: in advance , N: after delivery -->
	<column name="delivfee_inadvance" type="char" size="1" default="Y" notnull="notnull" />
	<column name="extra_vars" type="text" />
	<column name="regdate" type="date" notnull="notnull" />
</table>
